Dataset,Face name,Attractive,Competent,Trustworthy,Dominant,Mean,Frightening,Extroverted,Threatening,Likeable,"Proportion (0=male, 1=female)",Category,white person,black person
Original300,f42887_e_000,2.4,3.5,3.965517241,3.913,5.2222,4,4.303,4.5238,3.8125,0.75,unambiguously female,0.63097095,0.36902905
Original300,f42887_e_001,4.485714286,5.113636364,4.793103448,5.087,4.8889,4.4643,5.1515,4.381,5.0625,0.6,ambiguous,0.6478986,0.3521014
Original300,f42887_e_002,4.285714286,5.522727273,5.413793103,6.2174,4.2593,4.8929,5.8788,5,5.5,0,unambiguously male,0.53322023,0.46677977
Original300,f42887_e_003,3.085714286,4.636363636,4.24137931,5.9565,5.8519,4.6786,4.6364,6,5.0938,0,unambiguously male,0.589466,0.410534
Original300,f42887_e_004,4.285714286,5.25,4.931034483,6.9565,5.7037,5.7857,5.4545,6.0952,5.5,0,unambiguously male,0.655047,0.34495303
Original300,f42887_e_005,4.514285714,5.909090909,4.896551724,7.0435,5.6667,4.9643,5.0606,5.2857,5.3438,0,unambiguously male,0.5916908,0.4083092
Original300,f42887_e_006,4.714285714,5.363636364,5.034482759,6.8696,5.2963,4.1429,4.9394,4.9524,5.75,0,unambiguously male,0.6133666,0.38663346
Original300,f42887_e_007,4.314285714,5.136363636,5.655172414,4.7826,4.1111,3.5357,5.697,3.8095,5.3125,0.85,unambiguously female,0.8361332,0.16386689
Original300,f42887_e_008,4.685714286,5.886363636,6.103448276,6.1304,4.1852,3.1429,5.7879,3.6667,6.0312,0,unambiguously male,0.5500522,0.44994774
Original300,f42887_e_009,2.685714286,4.909090909,5,5.913,5.4444,4.9643,5.7273,5.7619,4.9062,0,unambiguously male,0.52662915,0.47337088
Original300,f42887_e_010,2.142857143,3.818181818,2.931034483,6.1739,6.4444,6.25,3.5455,6.8095,3.9062,0,unambiguously male,0.6005291,0.39947093
Original300,f42887_e_011,4.171428571,5.954545455,5.310344828,7.2174,5.5926,4.5714,5.9697,4.7619,5.5938,0,unambiguously male,0.67818606,0.32181397
Original300,f42887_e_012,3.457142857,4.568181818,4.896551724,4.3043,4.1852,4.1071,5,3.8095,5.3438,0.9,unambiguously female,0.71935433,0.28064567
Original300,f42887_e_013,5.085714286,5.931818182,5.551724138,5.1304,4.4815,3.4286,5.5455,3.8095,5.9688,1,unambiguously female,0.79780734,0.20219272
Original300,f42887_e_014,2.6,4.5,4.172413793,6.2609,5.6296,5.1429,4.3333,5.7619,4.5,0,unambiguously male,0.71520334,0.28479663
Original300,f42887_e_015,3.028571429,4.386363636,3.75862069,6.7391,6.5185,6.3571,3.8485,6.7619,4.1562,0,unambiguously male,0.6230514,0.37694868
Original300,f42887_e_016,2.885714286,4.090909091,3.206896552,4.1739,6,6.0357,4.5455,5.3333,4.3125,0.9,unambiguously female,0.82599574,0.17400424
Original300,f42887_e_017,3.971428571,4.681818182,4.724137931,4.2609,4.4815,4.1071,4.7576,3.9048,5.0625,0.85,unambiguously female,0.7013565,0.29864347
Original300,f42887_e_018,5.028571429,5.5,5.724137931,5.6087,5.037,4.3214,4.7273,5.0952,5.5938,0.1,unambiguously male,0.74323857,0.2567614
Original300,f42887_e_019,2.257142857,3.704545455,3.965517241,6.6957,6.1111,5.5357,4.697,6.2381,4.2188,0,unambiguously male,0.5666908,0.4333092
Original300,f42887_e_020,5.342857143,5.454545455,5.137931034,4.6957,4.4815,3.7143,5.1818,4.0952,5.5625,0.85,unambiguously female,0.75304973,0.24695025
Original300,f42887_e_021,3.8,4.954545455,4.931034483,5,5.037,4.1071,4.2424,5.1905,5.25,0.1,unambiguously male,0.6318938,0.36810616
Original300,f42887_e_022,4.485714286,5.022727273,5.482758621,4.6957,4.2963,3.7857,5.9394,4.619,5.7188,0.75,unambiguously female,0.8005019,0.19949816
Original300,f42887_e_023,4.285714286,5.318181818,4.620689655,5.0435,4.7037,3.6429,5.2121,4.3333,4.8438,0.9,unambiguously female,0.74144447,0.25855556
Original300,f42887_e_024,3.942857143,4.113636364,4.655172414,5.6087,5.2963,3.6071,4.3636,4.5238,4.9688,0,unambiguously male,0.55481684,0.4451832
Original300,f42887_e_025,4.057142857,5.159090909,5.413793103,5.4348,4.5926,3.3214,5.7273,4.381,5.7188,0.05,unambiguously male,0.6813635,0.31863645
Original300,f42887_e_026,3.285714286,4.681818182,3.931034483,6.9565,6.3333,6,4.0909,6.5714,4.8125,0.05,unambiguously male,0.5575376,0.44246247
Original300,f42887_e_027,3.485714286,5.340909091,5.068965517,5.2609,4.6667,4.75,5,5.381,5.0625,0,unambiguously male,0.58581203,0.41418794
Original300,f42887_e_028,4.828571429,4.954545455,5.344827586,4.8261,4.0741,3.6429,5.1515,4.1429,5.5,0.75,unambiguously female,0.75662833,0.24337174
Original300,f42887_e_029,3.314285714,4.636363636,4.24137931,4.6522,4.7407,4.8929,4.6061,4.7143,4.4688,0.7,ambiguous,0.73745894,0.26254106
Original300,f42887_e_030,3.314285714,4.090909091,4.724137931,3.6522,4.7778,4.1786,3.8485,4.5714,4.4688,0.35,ambiguous,0.6765198,0.32348022
Original300,f42887_e_031,2.571428571,3.886363636,3.310344828,3.9565,5.4815,6.1071,3.0606,5.5714,4.1875,0.1,unambiguously male,0.669764,0.33023602
Original300,f42887_e_032,3.114285714,3.886363636,3.724137931,6.6957,6.1111,5.8571,4.3939,6.4286,4.7812,0,unambiguously male,0.562747,0.43725306
Original300,f42887_e_033,3.628571429,4.204545455,5.172413793,3.087,4.0741,3.4643,5.1515,3.0952,4.9375,0.9,unambiguously female,0.7207898,0.27921024
Original300,f42887_e_034,3.8,4.954545455,4.793103448,5.6087,5.0741,4.5,4.9697,4.8571,5.3125,0.15,unambiguously male,0.5265883,0.47341165
Original300,f42887_e_035,2.542857143,3.75,4.517241379,4.1304,4.7037,5.6071,3.697,4.7619,4.9062,0.25,unambiguously male,0.5155076,0.4844925
Original300,f42887_e_036,3.828571429,5.272727273,5.068965517,5.4348,4.9259,4.1786,5.2121,4.5714,5.375,0.05,unambiguously male,0.5558142,0.44418585
Original300,f42887_e_037,4.657142857,5.022727273,4.068965517,6.8261,5.8519,5.8929,4.8485,6.8571,5.2188,0.1,unambiguously male,0.8011687,0.19883132
Original300,f42887_e_038,3.171428571,3.954545455,3.482758621,3.6522,5.4815,5.2143,3,4.5714,4.4688,0.45,ambiguous,0.75386643,0.2461336
Original300,f42887_e_039,3.885714286,4.704545455,4.75862069,4.1739,4.1852,4.6071,5.6364,3.7143,4.75,0.85,unambiguously female,0.9309223,0.06907764
Original300,f42887_e_040,3.057142857,4.340909091,3.896551724,5.2609,5.9259,4.8929,4.2121,4.8571,4.125,0.65,ambiguous,0.54833615,0.45166385
Original300,f42887_e_041,4.685714286,5.295454545,5.586206897,6.1304,5.1111,4.1786,5.2727,4.9524,5.375,0,unambiguously male,0.5941588,0.40584117
Original300,f42887_e_042,3.542857143,5.090909091,5.482758621,4.6957,4.7037,3.8214,5.0606,3.9048,4.875,0.1,unambiguously male,0.8133933,0.18660672
Original300,f42887_e_043,3.142857143,4.113636364,4.482758621,3.1304,4.3704,4.75,5.2121,4.6667,5.0938,0.7,ambiguous,0.87515515,0.12484484
Original300,f42887_e_044,4.828571429,4.090909091,5.137931034,3.7391,4.8889,3.6071,4.7273,3.381,5.0312,0.85,unambiguously female,0.7638325,0.2361675
Original300,f42887_e_045,3.828571429,5,4.827586207,4.8696,5.2593,4.3571,4.5152,5.1429,5.5312,0.1,unambiguously male,0.6320278,0.36797222
Original300,f42887_e_046,2.714285714,4.159090909,4.75862069,5.8696,5.3333,4.8571,4.3333,5.7619,4.5938,0,unambiguously male,0.5167224,0.4832776
Original300,f42887_e_047,3.285714286,4.545454545,3.689655172,6.3478,6.1852,5,4.2727,5.2381,4.75,0.15,unambiguously male,0.6097621,0.39023793
Original300,f42887_e_048,3.228571429,4.159090909,5.965517241,3.5217,3.2593,3.1429,5.697,3.1905,5.5,0.5,ambiguous,0.8105404,0.1894596
Original300,f42887_e_049,3.828571429,4.954545455,4.862068966,5.6957,4.7407,4.4286,5.2727,4.8571,5.75,0,unambiguously male,0.52774596,0.472254
Original300,f42887_e_050,4.771428571,5.159090909,4.413793103,5.2609,5.5556,4.25,5.303,4.4762,4.9688,0.5,ambiguous,0.79054266,0.20945732
Original300,f42887_e_051,3.028571429,3.5,4.137931034,2.7826,4.6667,5,3.8788,4.1429,4.1562,0.95,unambiguously female,0.84324396,0.15675598
Original300,f42887_e_052,2.942857143,3.659090909,4.24137931,4.3043,5.4815,4.0714,3.3333,4.7619,4.7812,0.15,unambiguously male,0.73624235,0.26375762
Original300,f42887_e_053,4.828571429,4.977272727,5.275862069,3.8696,4.2593,3.75,5.3939,3.8571,5.9062,1,unambiguously female,0.801949,0.19805098
Original300,f42887_e_054,4.228571429,5.227272727,4.448275862,5.4348,5.0741,4.8214,4.4545,4.8571,5.375,0.1,unambiguously male,0.8398517,0.1601484
Original300,f42887_e_055,4.228571429,4.909090909,5.517241379,4.2174,4.1852,3.5,5.9394,3.7619,6.125,1,unambiguously female,0.74574393,0.25425604
Original300,f42887_e_056,3.914285714,4.522727273,4.655172414,4.6522,4.7037,3.5,4.697,3.8571,5.1875,0.2,unambiguously male,0.7608681,0.2391319
Original300,f42887_e_057,3.428571429,4.772727273,5.620689655,5.087,4.4074,5,5.5152,4.381,5.4062,0.1,unambiguously male,0.760039,0.23996106
Original300,f42887_e_058,2.8,4.068181818,3.827586207,6.8696,6.7037,5.1786,5.697,5.7619,4.375,0,unambiguously male,0.73322237,0.26677763
Original300,f42887_e_059,3,4.431818182,4.551724138,5.9565,6,4.9286,4.5455,6.4762,4.8438,0.05,unambiguously male,0.59691715,0.40308285
Original300,f42887_e_060,3.828571429,5.75,4.75862069,5.8696,5.037,5.0714,5.6667,4.9048,5.375,0.1,unambiguously male,0.68675506,0.31324494
Original300,f42887_e_061,3.714285714,4.727272727,5.068965517,4.087,4.6296,3.6786,5.9091,3.7619,5.3125,0.4,ambiguous,0.5744676,0.42553237
Original300,f42887_e_062,4.257142857,5.318181818,5.275862069,4.3043,4.4815,3.25,5.4242,3.8571,5.7812,0.85,unambiguously female,0.81617343,0.18382655
Original300,f42887_e_063,2.857142857,4.522727273,4.24137931,5.3913,5.7778,5.5,4.9091,5.4762,4.4062,0.25,unambiguously male,0.668955,0.33104497
Original300,f42887_e_064,3.4,4.977272727,4.724137931,5.6087,5.037,4.1429,4.9394,5.4286,4.4688,0,unambiguously male,0.6185811,0.38141894
Original300,f42887_e_065,3.971428571,5.090909091,4.24137931,7.5652,6.2963,5.5,4.7879,6.2381,5.1875,0,unambiguously male,0.746438,0.25356197
Original300,f42887_e_066,4.228571429,5.477272727,4.551724138,6.7391,5.7037,4.5357,5.0606,5.0476,4.75,0,unambiguously male,0.5325631,0.46743694
Original300,f42887_e_067,4.571428571,5.227272727,4.551724138,5.6522,4.6667,4.0714,4.7879,5.0476,5.6875,0,unambiguously male,0.5563824,0.4436176
Original300,f42887_e_068,4.571428571,5.409090909,5.517241379,5.7391,4.5556,4.1071,5.4848,4.7619,5.6562,0,unambiguously male,0.7066539,0.29334605
Original300,f42887_e_069,3.457142857,4.068181818,4.448275862,5.1739,5.5926,4.8929,3.8182,5.8571,4.3125,0.1,unambiguously male,0.51965845,0.4803416
Original300,f42887_e_070,3.6,5.25,5.448275862,5.4348,3.8148,3.7857,5.8788,4.2857,5.2188,0.2,unambiguously male,0.69445556,0.30554447
Original300,f42887_e_071,3.685714286,4.5,3.931034483,5,5.5185,4.0357,4.9091,3.8571,4.625,0.75,unambiguously female,0.86659265,0.1334074
Original300,f42887_e_072,3.085714286,4.659090909,4.862068966,5.5652,5.3333,4.8571,4.6061,4.8095,4.375,0.05,unambiguously male,0.5811559,0.4188441
Original300,f42887_e_073,3.457142857,4.75,4.724137931,4.913,4.7407,4.1429,5.4848,4.4286,5.0938,0,unambiguously male,0.57192373,0.42807624
Original300,f42887_e_074,3.257142857,4.159090909,3.965517241,5.5217,5.8148,5.5714,4.7879,5.9524,4.625,0.05,unambiguously male,0.8005893,0.19941068
Original300,f42887_e_075,3.257142857,5.477272727,4.896551724,4.4348,4.8519,4.8214,5.9394,4.3333,4.875,0.85,unambiguously female,0.9226386,0.07736135
Original300,f42887_e_076,3.628571429,5.431818182,5.689655172,5.7391,4.037,4.2857,5.5758,4.1905,5.3125,0.05,unambiguously male,0.5860188,0.4139812
Original300,f42887_e_077,3.771428571,4.75,4.551724138,6.2174,5.8519,4.5714,4.4242,5.619,5.125,0,unambiguously male,0.7857462,0.21425372
Original300,f42887_e_078,3.857142857,4.931818182,5.448275862,3.5217,4.3704,3.4286,4.4545,3.1429,5.7188,0.8,unambiguously female,0.6724326,0.32756743
Original300,f42887_e_079,5.342857143,5.818181818,5.551724138,5.3478,5.3704,4.1786,4.8182,4.4762,5.75,0.9,unambiguously female,0.68750864,0.31249133
Original300,f42887_e_080,4.057142857,4.886363636,4.310344828,7.4783,5.7407,4.6429,4.4848,6.1429,5.3125,0,unambiguously male,0.62360626,0.37639374
Original300,f42887_e_081,3.685714286,5.431818182,4.965517241,5.5217,4.9259,4.2857,5.1515,5.0476,5,0,unambiguously male,0.72980744,0.27019256
Original300,f42887_e_082,3.428571429,4.5,4.827586207,4.6957,4.8148,4.4643,5.4242,4.6667,5.2188,0.2,unambiguously male,0.53995943,0.46004054
Original300,f42887_e_083,3.142857143,4.454545455,4.034482759,5.4348,6.037,5.25,4.3333,5.7619,4,0.1,unambiguously male,0.53488135,0.4651187
Original300,f42887_e_084,5.371428571,5.75,5.137931034,6.5217,5.1852,4.5,4.8485,5.0476,5.7812,0,unambiguously male,0.5226858,0.4773141
Original300,f42887_e_085,3.314285714,4.931818182,5.24137931,3.6957,4.2593,3.75,4.9697,4.1429,5,0.9,unambiguously female,0.7779005,0.22209942
Original300,f42887_e_086,4.657142857,6.181818182,5.551724138,6.4783,5.2593,4.2143,5.1212,5.2857,5.25,0,unambiguously male,0.52041006,0.47959
Original300,f42887_e_087,3.171428571,4.227272727,4.275862069,4.1739,4.4815,4.6786,4.1515,4.7143,4.5,0.35,ambiguous,0.5663778,0.43362218
Original300,f42887_e_088,4.628571429,5.772727273,4.75862069,6.087,5.8519,4.5357,4.4242,4.9048,5.5625,0.5,ambiguous,0.56548125,0.43451878
Original300,f42887_e_089,2.342857143,3.795454545,4.689655172,3.2174,4.3333,4.1071,5.1212,3.619,4.8125,0.8,unambiguously female,0.6575801,0.34242
Original300,f42887_e_090,4.142857143,4.931818182,4.310344828,4.4783,5.5556,4.5357,5.5152,4,5.25,0.95,unambiguously female,0.86676115,0.1332389
Original300,f42887_e_091,2.885714286,3.840909091,4.413793103,3.5652,4.5185,3.6786,4.0303,3.7143,4.7812,0.65,ambiguous,0.64824533,0.35175475
Original300,f42887_e_092,3.8,5.272727273,4.379310345,7.2174,5.9259,5.0357,5.1212,6.1905,5.1562,0,unambiguously male,0.6256688,0.37433115
Original300,f42887_e_093,2.571428571,3.795454545,4.689655172,3.8696,4.7407,4.5,5.3333,4.5238,4.7188,0.7,ambiguous,0.6936281,0.30637193
Original300,f42887_e_094,2.742857143,4.159090909,4.586206897,4.087,4.5556,4.1429,4.697,4.0476,4.5312,0.55,ambiguous,0.82933515,0.17066483
Original300,f42887_e_095,2.742857143,3.977272727,4.275862069,4,4.5926,4.9643,4.9697,4.619,3.9688,0.75,unambiguously female,0.54743934,0.45256072
Original300,f42887_e_096,4.171428571,4.840909091,4.551724138,6,5.7037,3.8214,4.8182,5.381,5.8438,0,unambiguously male,0.63039875,0.3696012
Original300,f42887_e_097,2.542857143,4.159090909,5.103448276,5,4.3333,4.25,5.5758,4.1905,4.4688,0.75,unambiguously female,0.8119725,0.1880275
Original300,f42887_e_098,4.485714286,5.159090909,5.620689655,4.2174,4.4444,3.4286,5.5455,3.381,5.125,1,unambiguously female,0.7189097,0.28109026
Original300,f42887_e_099,2.571428571,3.863636364,4.448275862,3.2174,4.5556,4.9286,4.7273,4.1429,4.5938,0.8,unambiguously female,0.8292983,0.17070164
Original300,f42887_e_100,5.142857143,5.340909091,5.448275862,4.2609,4.4444,3.4286,4.3939,3.5238,5.8125,0.9,unambiguously female,0.75913715,0.24086288
Original300,f42887_e_101,1.971428571,3.477272727,3.310344828,6.2174,6.6667,6.0357,4.4545,6.1429,3.6562,0.1,unambiguously male,0.5940779,0.40592209
Original300,f42887_e_102,3.971428571,5.227272727,5.137931034,4.8261,4.4815,3.6071,5.6061,3.4762,5.4688,0.95,unambiguously female,0.7485439,0.25145617
Original300,f42887_e_103,2.514285714,3.863636364,4.482758621,3.3043,4.6296,4.75,5.3636,4.6667,4.2812,0.9,unambiguously female,0.606429,0.39357108
Original300,f42887_e_104,4.514285714,5.340909091,4.827586207,7.087,5.7037,4.6071,5.303,5.4762,5.4375,0,unambiguously male,0.5271276,0.47287238
Original300,f42887_e_105,3.514285714,4.772727273,5.275862069,4.6087,4.5185,3.5,5.0303,3.2381,4.8438,0.6,ambiguous,0.72788966,0.27211034
Original300,f42887_e_106,3.942857143,5.863636364,6.103448276,6.2174,4.4444,3.7143,5.6364,4.7619,5.4062,0,unambiguously male,0.66543835,0.33456162
Original300,f42887_e_107,3.428571429,4.090909091,4.862068966,4.2174,4.6296,5.2143,5.4545,4.5714,4.6875,0.6,ambiguous,0.609589,0.39041093
Original300,f42887_e_108,3.457142857,5.022727273,4.896551724,4.7391,4.7037,3.7143,4.4545,4.5238,5.375,0.5,ambiguous,0.6708114,0.3291886
Original300,f42887_e_109,4.228571429,4.5,5.24137931,4.5217,4.4074,3.6071,5.1212,3.9524,4.9688,0.6,ambiguous,0.5892322,0.41076773
Original300,f42887_e_110,4.2,4.818181818,4.24137931,4.6522,4.8889,4.7857,4.5758,4.8095,4.9688,0.4,ambiguous,0.65520406,0.34479597
Original300,f42887_e_111,3.057142857,4.454545455,5.103448276,4.4783,5,4.9643,5.4848,4.3333,4.5938,0.25,unambiguously male,0.6755133,0.32448667
Original300,f42887_e_112,4.942857143,5.818181818,5.344827586,5.3913,4.7778,4.3214,5.8182,4.2381,6.0625,0.15,unambiguously male,0.8161377,0.18386237
Original300,f42887_e_113,4.971428571,5.5,4.655172414,5.9565,5.8148,4.3571,4.7273,5.2381,5.4375,0.15,unambiguously male,0.5530389,0.44696105
Original300,f42887_e_114,3.057142857,4.477272727,4.275862069,4.7826,5.1481,5.1429,4.4848,5.0952,4.5625,0.25,unambiguously male,0.6920174,0.3079826
Original300,f42887_e_115,4.6,5.181818182,5.724137931,4.0435,3.8519,3.3571,5.697,3.4762,5.1562,0.95,unambiguously female,0.83313185,0.16686814
Original300,f42887_e_116,3.228571429,4.681818182,4.034482759,5.3913,5.4074,4.9286,4.9091,4.9524,5.0938,0.35,ambiguous,0.6525939,0.3474061
Original300,f42887_e_117,2.857142857,5,4.827586207,5,4.2593,3.8571,5.2424,4.5714,5.1562,0.4,ambiguous,0.63490593,0.3650941
Original300,f42887_e_118,3.685714286,5.090909091,4.586206897,6.6087,6,4.8929,4.303,6,5,0.05,unambiguously male,0.6540525,0.34594753
Original300,f42887_e_119,4.657142857,5.659090909,4.310344828,6.4348,5.5926,5.3929,4.8788,5.2381,5.2812,0,unambiguously male,0.5199055,0.48009443
Original300,f42887_e_120,3.2,4.363636364,4.137931034,6.1739,6.2222,5.1429,4.7273,5.7143,4.5938,0.05,unambiguously male,0.65950155,0.3404984
Original300,f42887_e_121,4.057142857,5.272727273,4.862068966,7.3913,5.2963,4.3214,5.0303,5.9524,5.5938,0,unambiguously male,0.7253944,0.27460557
Original300,f42887_e_122,3.628571429,4.840909091,4.586206897,5,5.0741,4.9643,4.8182,5,4.6562,0.15,unambiguously male,0.68946654,0.3105335
Original300,f42887_e_123,2.742857143,4.136363636,3.413793103,6.5652,6.4815,5.9286,3.8182,6.9048,4.0625,0,unambiguously male,0.5715705,0.42842945
Original300,f42887_e_124,3.742857143,4.386363636,4.551724138,4.3913,4.6296,4.3571,5.3939,4.0952,5.125,0.65,ambiguous,0.8764521,0.1235479
Original300,f42887_e_125,3.6,4.386363636,5.172413793,3.7391,3.963,4.25,4.303,4,4.375,0.9,unambiguously female,0.63096464,0.3690354
Original300,f42887_e_126,3.314285714,4.613636364,4.965517241,3.4783,4.1852,3.4643,5.3636,3.2381,4.9375,0.75,unambiguously female,0.89129716,0.10870287
Original300,f42887_e_127,3.542857143,5.363636364,4.965517241,5.913,4.7778,4.4286,6.0909,4.9048,5.2188,0.15,unambiguously male,0.6935751,0.30642498
Original300,f42887_e_128,3.8,4.772727273,4.517241379,4.2174,5.3333,5,5,4.5238,4.7188,0.9,unambiguously female,0.8188197,0.18118028
Original300,f42887_e_129,4.4,4.681818182,4.75862069,6.6087,5.5556,4.75,4.9394,5.3333,5.6875,0,unambiguously male,0.54696083,0.45303914
Original300,f42887_e_130,3.685714286,4.568181818,4.551724138,4.913,4.5556,4.4643,4.9394,4.3333,4.9062,0.75,unambiguously female,0.64146113,0.35853887
Original300,f42887_e_131,2.771428571,4.340909091,3.827586207,4.6522,5.5185,6.4286,5.6667,6.1429,4.2188,0.35,ambiguous,0.6981732,0.30182678
Original300,f42887_e_132,1.942857143,3.772727273,3.689655172,6.087,5.4815,5.5714,4.8485,6.2381,4.375,0,unambiguously male,0.7983879,0.20161211
Original300,f42887_e_133,4.228571429,4.795454545,5.103448276,4.7826,4.6667,4.1429,5.1818,3.8571,5.5,0.85,unambiguously female,0.53658533,0.46341467
Original300,f42887_e_134,3.028571429,4.409090909,4.482758621,4.0435,5.1852,4.3214,4.4242,4.9524,5.125,0.65,ambiguous,0.756458,0.24354202
Original300,f42887_e_135,4.4,5.386363636,5.344827586,3.913,4,4.3571,6,4.0476,5.5625,1,unambiguously female,0.7595915,0.24040847
Original300,f42887_e_136,4.285714286,4.840909091,5.482758621,4.7391,4.1852,4.2143,5.5758,3.8571,5.3438,0.55,ambiguous,0.8981804,0.1018196
Original300,f42887_e_137,1.885714286,3.659090909,4.586206897,5.2609,4.6667,5.0357,4.4242,5.3333,4.6875,0,unambiguously male,0.5166451,0.4833549
Original300,f42887_e_138,3.228571429,4.227272727,3.862068966,6.3043,6.0741,6.25,4.1212,6.4762,4.875,0,unambiguously male,0.59348017,0.4065198
Original300,f42887_e_139,3.6,5.272727273,4.551724138,6,5.7037,4.75,4.2424,6.1429,5,0.05,unambiguously male,0.622627,0.37737292
Original300,f42887_e_140,4.771428571,5.5,6.103448276,3.8696,3.8519,3.1429,6.3333,3.4286,6.4688,1,unambiguously female,0.8255717,0.17442822
Original300,f42887_e_141,3.6,4.818181818,4,6,5.7778,4.75,4.5152,5.8095,5.0312,0,unambiguously male,0.6781707,0.32182935
Original300,f42887_e_142,4.542857143,5.340909091,5.448275862,4.3913,4.1852,3.6071,5.3333,4.0476,6.0312,0.75,unambiguously female,0.5731554,0.4268446
Original300,f42887_e_143,4.257142857,5.431818182,5.448275862,3.6522,4.1111,3.8214,5.8788,3.7143,6.0938,0.9,unambiguously female,0.8359104,0.16408965
Original300,f42887_e_144,4.514285714,5.5,5.379310345,4.5217,4.3704,3.4643,5.303,3.2381,5.4688,0.7,ambiguous,0.8145739,0.18542615
Original300,f42887_e_145,3.342857143,4.818181818,4.551724138,4.5217,4.5556,4.5714,4.9697,4.0952,4.6562,0.85,unambiguously female,0.78671026,0.2132898
Original300,f42887_e_146,2.428571429,3.340909091,3.344827586,3.5652,5,4.7143,3.7576,4.9048,3.75,0.85,unambiguously female,0.88556993,0.11443007
Original300,f42887_e_147,3.2,4.613636364,3.862068966,7.0435,6.7407,5.9643,5.0909,6.7143,4.7188,0,unambiguously male,0.53505176,0.4649483
Original300,f42887_e_148,5.114285714,5.636363636,5.793103448,4.1304,4.4815,3.7143,5.7273,3.8571,6.0312,0.9,unambiguously female,0.7150009,0.2849991
Original300,f42887_e_149,4.4,5.295454545,4.034482759,7.087,6.0741,5.6429,5.1818,6.6667,4.9375,0,unambiguously male,0.54042,0.45958
Original300,f42887_e_150,4.542857143,5.022727273,4.24137931,6.5652,5.6296,4.2857,4.6667,5.1905,5.4375,0,unambiguously male,0.6270346,0.37296537
Original300,f42887_e_151,3.142857143,4.75,5.344827586,4.0435,4.1481,3.3214,5.3636,4.3333,5.0625,0.4,ambiguous,0.8248065,0.17519346
Original300,f42887_e_152,5.085714286,5.840909091,5.931034483,3.6957,4.2963,2.75,6.3636,2.9524,5.7812,0.95,unambiguously female,0.8812794,0.11872059
Original300,f42887_e_153,3.971428571,4.886363636,5.034482759,5.7826,4.7037,4.25,5.5455,4.9048,5.1562,0,unambiguously male,0.6532812,0.3467187
Original300,f42887_e_154,2.571428571,4.090909091,3.896551724,6.5217,5.8889,5.8929,4.2424,6.1905,4.3125,0.05,unambiguously male,0.6264954,0.3735046
Original300,f42887_e_155,3.257142857,4.613636364,4.310344828,3.5652,4.4815,4,5,4.2381,4.4688,0.85,unambiguously female,0.5061733,0.49382666
Original300,f42887_e_156,2.314285714,3.681818182,4.034482759,4.7826,4.3333,4.7143,4.8788,5.1905,4.0625,0.5,ambiguous,0.8729968,0.12700322
Original300,f42887_e_157,3.485714286,5.181818182,4.24137931,5.5217,5.4815,4.75,5,5.6667,5,0.1,unambiguously male,0.57736945,0.42263058
Original300,f42887_e_158,4.114285714,4.545454545,4.655172414,4.3043,4.8519,3.6786,5.2121,3.9524,5.4062,0.5,ambiguous,0.78482425,0.21517575
Original300,f42887_e_159,3.942857143,4.840909091,5.068965517,6.7391,5.0741,4.2857,5.1515,5.5714,5.25,0,unambiguously male,0.66076267,0.3392374
Original300,f42887_e_160,4.057142857,5,4.379310345,6.6957,6.2593,5.1429,4.5455,5.619,5.0625,0,unambiguously male,0.7430672,0.2569328
Original300,f42887_e_161,3.457142857,4.545454545,4.75862069,6.1304,5,4.8571,4.6364,5.7143,5.125,0.05,unambiguously male,0.5636708,0.43632916
Original300,f42887_e_162,3.771428571,4.545454545,4.620689655,5.5652,5.4074,4.7143,4.7576,4.9048,5.3125,0.55,ambiguous,0.74371547,0.25628445
Original300,f42887_e_163,3.228571429,4.204545455,5,3.0435,4.1481,3.3929,4.9697,4.4762,4.7812,0.9,unambiguously female,0.85966414,0.14033583
Original300,f42887_e_164,5.257142857,6.227272727,4.586206897,7.1304,5.7778,4.5357,4.4545,6,5.875,0,unambiguously male,0.5657123,0.4342877
Original300,f42887_e_165,3.8,4.090909091,5,3.913,4.1852,4.1786,5,3.5238,5.1562,0.75,unambiguously female,0.8691625,0.13083747
Original300,f42887_e_166,5.6,5.727272727,5.586206897,7.0435,5.8148,4.3929,4.1818,5.1429,5.5625,0.05,unambiguously male,0.54464394,0.45535612
Original300,f42887_e_167,2.914285714,4.159090909,4.034482759,3.6957,4.5926,4.7857,4.1212,4.2857,4.4375,0.75,unambiguously female,0.751937,0.24806304
Original300,f42887_e_168,3.542857143,5.181818182,4.310344828,5.1304,5.5185,4.5,5.5152,4.619,4.9688,0.75,unambiguously female,0.8409651,0.15903494
Original300,f42887_e_169,4.257142857,4.863636364,5,4.2174,4.1852,3.2857,5.3939,3.1905,5.0625,0.75,unambiguously female,0.90066177,0.09933822
Original300,f42887_e_170,2.514285714,3.068181818,3.448275862,3.6957,4.3704,4.9286,3.0606,5,4,0,unambiguously male,0.6188286,0.38117144
Original300,f42887_e_171,3.257142857,4.5,3.896551724,5.913,5.5926,5.6786,4.5455,5.9524,4.7188,0.05,unambiguously male,0.59882945,0.40117052
Original300,f42887_e_172,4.257142857,4.977272727,5.24137931,5,5.4074,3.8571,4.8182,4.7143,4.5312,0.3,ambiguous,0.831983,0.16801706
Original300,f42887_e_173,3.028571429,3.522727273,3.724137931,5.1304,5.4815,4.75,3.8485,5.7619,4.5312,0,unambiguously male,0.65511215,0.34488788
Original300,f42887_e_174,3.171428571,4.568181818,4.103448276,6.3043,5.4074,5.2857,4.9394,5.8095,5,0.05,unambiguously male,0.59138185,0.4086182
Original300,f42887_e_175,3.628571429,4.704545455,4.724137931,3.6957,5.1111,3.7857,5.0909,3.6667,4.8125,0.8,unambiguously female,0.74039036,0.25960958
Original300,f42887_e_176,5.085714286,5.931818182,5.75862069,4.3913,4.0741,3.3214,5.9394,3.8095,5.75,0.85,unambiguously female,0.88747174,0.112528324
Original300,f42887_e_177,2.142857143,3.636363636,4.103448276,4.087,5.4815,5.25,3.9697,6,4.4688,0.15,unambiguously male,0.5331883,0.46681172
Original300,f42887_e_178,4.714285714,5.954545455,4.103448276,6.5652,5.7407,4.6429,5.6364,5.1905,5.4062,0.25,unambiguously male,0.7050875,0.2949125
Original300,f42887_e_179,3.542857143,5.045454545,4.551724138,6.4348,6.037,5.3929,4.6364,6.1905,4.8125,0.1,unambiguously male,0.6178354,0.3821646
Original300,f42887_e_180,4.085714286,5.090909091,5.551724138,6.5652,4.963,3.75,5.5455,4.7143,5.3438,0,unambiguously male,0.5208022,0.47919786
Original300,f42887_e_181,3.8,4.590909091,4.586206897,4.8696,4.8148,4,4.3939,4.2857,4.8438,0.7,ambiguous,0.68785757,0.31214243
Original300,f42887_e_182,5.171428571,4.886363636,5.275862069,4.1739,4.9259,4.5714,5.5758,4.381,5.8438,0.9,unambiguously female,0.90841466,0.09158534
Original300,f42887_e_183,3.628571429,4.795454545,5.206896552,5.4348,4.3704,4.0714,4.8788,4.2857,5.7188,0,unambiguously male,0.58354956,0.41645038
Original300,f42887_e_184,2.514285714,3.909090909,4.103448276,5.2609,5.4074,4.4286,4.4242,5.4286,4.25,0,unambiguously male,0.52032787,0.47967213
Original300,f42887_e_185,3.542857143,4.977272727,4.551724138,6.2609,5.2593,5.1429,4.7576,5.8095,5.0312,0,unambiguously male,0.529939,0.47006103
Original300,f42887_e_186,2.657142857,3.659090909,3.344827586,3.2609,5.1111,4.8214,3.6667,5.1429,4.1562,0.8,unambiguously female,0.7748165,0.22518355
Original300,f42887_e_187,2.685714286,3.681818182,4.448275862,3.5217,4.2593,4.6429,3.5758,3.7619,4.4375,0.8,unambiguously female,0.5927752,0.40722474
Original300,f42887_e_188,6.057142857,5.659090909,6.172413793,4.1304,3.8148,3.25,5.4848,2.7143,6.2188,1,unambiguously female,0.81282604,0.18717396
Original300,f42887_e_189,2.542857143,3.863636364,4.172413793,4.1304,4.7778,5.75,4.5152,5.0952,4.0938,0.6,ambiguous,0.64657557,0.3534245
Original300,f42887_e_190,4.8,5.25,4.517241379,6.6087,5.5926,5.1786,4.697,5.9524,5.3125,0.05,unambiguously male,0.6014025,0.39859748
Original300,f42887_e_191,4.285714286,5.25,4.965517241,6.3913,5.8148,4.75,4.7576,6,5.5312,0,unambiguously male,0.6360297,0.36397028
Original300,f42887_e_192,3.971428571,5.931818182,3.655172414,5.7826,6.4074,4.8571,4.6667,5.1905,5.1875,0.6,ambiguous,0.8416119,0.15838806
Original300,f42887_e_193,4.314285714,4.977272727,4.586206897,4.6522,5.1852,4.3214,4.7879,4.4286,4.875,0.75,unambiguously female,0.60027564,0.39972433
Original300,f42887_e_194,5.457142857,5.431818182,5.379310345,6.8261,5.2222,4.3929,5.8788,5.619,5.7812,0,unambiguously male,0.6314147,0.36858526
Original300,f42887_e_195,5.028571429,5.181818182,5.517241379,3.8696,4.1852,3.7143,5.6667,3.5238,6,1,unambiguously female,0.84644544,0.15355456
Original300,f42887_e_196,3.228571429,4.272727273,4.655172414,6.0435,5.3333,5.3214,4.5455,5.7143,4.9688,0.05,unambiguously male,0.6528602,0.3471398
Original300,f42887_e_197,4.4,5.590909091,4.896551724,6,5,4.1071,4.4545,5,5.3125,0,unambiguously male,0.57138497,0.42861497
Original300,f42887_e_198,5.514285714,5.522727273,5.655172414,4.1739,4.2963,3.8929,6.0606,3.0476,6.1562,0.85,unambiguously female,0.841472,0.15852796
Original300,f42887_e_199,3.371428571,4.295454545,5.034482759,3.3913,4.2593,4.1786,5.2424,3.8571,5.1562,1,unambiguously female,0.9104263,0.08957366
Original300,f42887_e_200,4.171428571,5.636363636,5.551724138,6.2609,4.8148,3.6429,5.9394,4.7143,5.5,0,unambiguously male,0.6408437,0.3591563
Original300,f42887_e_201,4.085714286,4.5,4.75862069,4.087,5.3704,4.1429,4.6364,3.9524,5.5,0.95,unambiguously female,0.8914723,0.10852768
Original300,f42887_e_202,5.771428571,6.022727273,5.862068966,4.7826,4.6296,3.5,5.697,4.1429,6.4375,0.85,unambiguously female,0.9004555,0.09954452
Original300,f42887_e_203,5.314285714,5.25,5.724137931,4.1739,4.5556,3.6786,5.3939,3.4762,5.8438,1,unambiguously female,0.834747,0.16525295
Original300,f42887_e_204,4.542857143,5.931818182,5.103448276,6.5217,5.4444,4.1786,5.8485,6,5.5312,0,unambiguously male,0.6076524,0.39234757
Original300,f42887_e_205,3.885714286,4.840909091,5.448275862,5.4783,4.4815,3.6071,5.2121,4.9048,5.4062,0,unambiguously male,0.5978511,0.40214887
Original300,f42887_e_206,4.171428571,4.75,4.379310345,5.1304,4.5185,3.8571,4.6667,5,5.0625,0.7,ambiguous,0.6620948,0.33790532
Original300,f42887_e_207,2.257142857,3.863636364,3.827586207,4.4348,5.4074,5.5357,3.4848,5.8095,4.0938,0.15,unambiguously male,0.55129266,0.44870737
Original300,f42887_e_208,4.885714286,5.568181818,5.482758621,4.5217,4.4815,4.1429,6.4848,3.4762,5.9375,0.9,unambiguously female,0.755565,0.24443506
Original300,f42887_e_209,2.828571429,3.727272727,3.827586207,4.4348,4.5556,4.6786,3.7879,4.3333,4.3125,0.05,unambiguously male,0.5595306,0.44046938
Original300,f42887_e_210,3.742857143,4.431818182,4.275862069,6.7826,6.3704,5.4286,4.1818,5.5714,4.75,0,unambiguously male,0.6616118,0.33838817
Original300,f42887_e_211,5.085714286,5.159090909,5.275862069,4.087,3.963,4.1071,4.9091,3.381,5.9062,0.9,unambiguously female,0.9349107,0.06508928
Original300,f42887_e_212,4.342857143,5.204545455,5.24137931,4.3478,4.4815,3.6786,6.1515,3.7143,5.125,0.75,unambiguously female,0.7951571,0.20484294
Original300,f42887_e_213,3.171428571,4.409090909,4.75862069,3.6087,4.4815,4.4643,3.9697,4.3333,4.6875,0.55,ambiguous,0.62160057,0.37839946
Original300,f42887_e_214,4.714285714,5.25,5.103448276,5.087,5.4444,4.8214,4.4242,5.5714,5.2812,0,unambiguously male,0.6315648,0.36843517
Original300,f42887_e_215,3.257142857,4.5,5.034482759,4.6522,4.4074,3.9286,5.1212,3.8095,5.4062,0.9,unambiguously female,0.7547832,0.24521674
Original300,f42887_e_216,3.514285714,4.954545455,5.172413793,5.4783,4.3333,3.8214,5.4848,4.9524,5,0.05,unambiguously male,0.6341608,0.3658392
Original300,f42887_e_217,2.6,4.909090909,4.206896552,6.0435,5.8889,4.7143,4.9394,5.7619,4.625,0,unambiguously male,0.61184186,0.38815808
Original300,f42887_e_218,5.228571429,5.5,6,5.6522,5,3.5,5.6364,3.5238,5.7188,0,unambiguously male,0.54905987,0.45094016
Original300,f42887_e_219,3.685714286,4.818181818,3.75862069,6.7826,5.2593,5.6786,4.8485,6.4286,4.875,0,unambiguously male,0.5921333,0.4078667
Original300,f42887_e_220,4.2,5.272727273,5.172413793,4.3478,4.5926,3.5714,5.1818,3.8571,5.0312,1,unambiguously female,0.8922093,0.107790664
Original300,f42887_e_221,3.628571429,4.909090909,4.310344828,5.0435,5,4.25,4.1212,4.7619,5.25,0.05,unambiguously male,0.7963919,0.2036081
Original300,f42887_e_222,3.771428571,4.636363636,3.620689655,5.7826,6.4074,5.6786,4.1818,5.619,4.5625,0,unambiguously male,0.6316626,0.36833742
Original300,f42887_e_223,2.4,3.977272727,5.206896552,5.3043,4.8519,3.7857,4.6667,4.4762,5,0,unambiguously male,0.6011296,0.39887044
Original300,f42887_e_224,4.4,4.75,4.965517241,3.8696,4.8148,4.1786,4.6061,3.6667,5.5312,0.95,unambiguously female,0.92800015,0.07199985
Original300,f42887_e_225,3.8,5.136363636,4.827586207,4.8696,4.6296,3.8214,5.3939,4.6667,5.4062,0.55,ambiguous,0.85014445,0.14985555
Original300,f42887_e_226,3.657142857,4.636363636,5.344827586,5.1304,4.3333,3.8214,4.6061,4.1905,4.875,0,unambiguously male,0.5022167,0.49778327
Original300,f42887_e_227,3.428571429,4.340909091,4.655172414,5.0435,4.8519,3.8929,4.8182,4.7619,4.9062,0.4,ambiguous,0.50415313,0.4958469
Original300,f42887_e_228,3.685714286,4.727272727,4.034482759,6.8261,6.037,4.9286,4.3939,6.1429,5.0625,0,unambiguously male,0.63032764,0.3696724
Original300,f42887_e_229,4.114285714,5.681818182,4.862068966,7.1304,5.8889,4.9286,4.7879,5.8095,4.9375,0,unambiguously male,0.5261833,0.47381672
Original300,f42887_e_230,4.028571429,4.318181818,5.24137931,4.087,3.7778,2.9643,4.6364,3.381,5.75,0.9,unambiguously female,0.7562634,0.2437366
Original300,f42887_e_231,3.285714286,4.136363636,4.068965517,6.8261,5.5185,5.1786,4.5152,5.7143,4.9062,0,unambiguously male,0.6067907,0.39320928
Original300,f42887_e_232,4.6,5.477272727,5.620689655,4.4783,3.963,3.2143,6.1212,4.0952,5.9062,0.15,unambiguously male,0.82869494,0.17130509
Original300,f42887_e_233,3.657142857,4,4.275862069,4.087,5,5.1786,4.303,5.2381,4.9062,0.75,unambiguously female,0.82037455,0.17962542
Original300,f42887_e_234,4.457142857,4.954545455,4.655172414,4.087,5.1852,4.1429,4.6667,4.4762,4.875,0.8,unambiguously female,0.87480134,0.12519865
Original300,f42887_e_235,3,4.204545455,3.586206897,4.3478,4.9259,5,3.6667,5.3333,3.9062,0.2,unambiguously male,0.5628611,0.4371389
Original300,f42887_e_236,3.314285714,5.159090909,5.034482759,5.4348,4.8148,5.0357,5.6364,5.0476,4.4688,0.25,unambiguously male,0.7320878,0.26791224
Original300,f42887_e_237,3.028571429,3.704545455,4.137931034,3.8261,4.7778,4.4286,3.6364,4.6667,4.4688,0.4,ambiguous,0.7745644,0.2254356
Original300,f42887_e_238,5.828571429,6.25,5.482758621,4.7826,4.8889,3.75,5.8485,4.1905,6.25,0.95,unambiguously female,0.8149785,0.18502153
Original300,f42887_e_239,4.2,4.409090909,5.586206897,3.913,4.5926,4.0714,4.8485,4.2857,5.2812,0.8,unambiguously female,0.91380835,0.08619163
Original300,f42887_e_240,2.914285714,4.818181818,4.413793103,5.3043,4.5556,4.3929,5.5152,4.9524,4.8125,0.1,unambiguously male,0.82092845,0.17907152
Original300,f42887_e_241,3.085714286,4.5,3.896551724,4.3478,4.5185,4.4286,4.5152,4.8095,4.5938,0.3,ambiguous,0.8016547,0.19834529
Original300,f42887_e_242,5,5.568181818,5.103448276,6.1739,4.8889,4.4643,4.9697,5,5.5312,0.15,unambiguously male,0.653143,0.34685698
Original300,f42887_e_243,3.428571429,5.045454545,5.344827586,5.6522,4.8148,3.6786,4.8788,4.8095,5.6875,0,unambiguously male,0.5275832,0.47241685
Original300,f42887_e_244,4.542857143,5.75,3.931034483,5.3478,5.963,4.7857,3.9697,4.8571,5,0.3,ambiguous,0.65029395,0.34970602
Original300,f42887_e_245,3.657142857,4.113636364,5,5.8261,4.5185,4.1786,4.6364,4.8571,5.5938,0,unambiguously male,0.5700045,0.42999548
Original300,f42887_e_246,4.371428571,5.340909091,4.655172414,4.7826,4.5926,3.4643,5.2727,4.2381,5.5312,0.2,unambiguously male,0.73292315,0.26707688
Original300,f42887_e_247,3.742857143,4.931818182,5.862068966,3.8261,4.6667,4.1071,5.2424,4.1429,5.3438,0.75,unambiguously female,0.5621709,0.43782908
Original300,f42887_e_248,4.428571429,4.840909091,4.379310345,5.3913,5.3333,3.4643,4.2727,4.2381,4.9375,0.55,ambiguous,0.6148482,0.38515183
Original300,f42887_e_249,3.342857143,4.477272727,5.034482759,5.5217,4.4815,3.6429,5.4545,5.381,5.2812,0,unambiguously male,0.5243509,0.47564918
Original300,f42887_e_250,4.4,4.477272727,4.931034483,3.9565,4.4074,4.1786,5.5152,4.8571,6,0.95,unambiguously female,0.6760843,0.32391566
Original300,f42887_e_251,3.342857143,4.386363636,3.551724138,6.8696,6.4074,5.8214,3.8788,6.9048,4.4688,0,unambiguously male,0.6607575,0.33924258
Original300,f42887_e_252,2.828571429,4.386363636,4,6.3913,5.4444,4.9643,5.303,5.8571,4.9688,0,unambiguously male,0.50348,0.49652004
Original300,f42887_e_253,2.657142857,4.045454545,4.517241379,4.8261,5.4444,4.9286,5.5455,5.4286,3.8438,0.55,ambiguous,0.72537875,0.27462122
Original300,f42887_e_254,3.828571429,4.727272727,4.862068966,6.4783,5.3333,4.0357,5.7576,4.7619,5.6562,0,unambiguously male,0.63801825,0.36198178
Original300,f42887_e_255,3.057142857,4.454545455,3.862068966,5.3478,6.2222,5.4286,4.1515,6.7619,4.2812,0,unambiguously male,0.7330066,0.2669934
Original300,f42887_e_256,3.342857143,4.772727273,5.344827586,4.6522,5.1481,4.9643,4.9091,4.5714,4.8125,0.65,ambiguous,0.8697401,0.13025989
Original300,f42887_e_257,3.457142857,4.840909091,5.517241379,3.3043,3.7778,3.7143,4.8788,3.3333,5.0312,0.85,unambiguously female,0.8987934,0.10120661
Original300,f42887_e_258,3.971428571,5.363636364,4.75862069,6.3913,5.5556,4.5,4.8788,5.6667,5.4688,0,unambiguously male,0.65896195,0.3410381
Original300,f42887_e_259,2.828571429,3.727272727,4.551724138,4.4783,5.8148,4.1786,4.8485,4.8571,3.9375,0.65,ambiguous,0.69900966,0.3009903
Original300,f42887_e_260,3.2,4.568181818,3.724137931,6.2609,6,5,4.2424,6.4762,4.5,0,unambiguously male,0.55393153,0.44606856
Original300,f42887_e_261,3.2,3.931818182,3.793103448,5,5.2963,5.6071,6.1515,5.619,4.7188,0.15,unambiguously male,0.744124,0.25587597
Original300,f42887_e_262,3.8,4.863636364,5.793103448,4.3478,4.6296,3.9286,5.2121,4.0952,5.2812,0.55,ambiguous,0.54019254,0.4598075
Original300,f42887_e_263,2.628571429,4.045454545,3.620689655,5.6957,5.8889,5.0714,4.0606,5.7619,4.9688,0,unambiguously male,0.53142273,0.4685772
Original300,f42887_e_264,5.428571429,5.272727273,5.551724138,4.6087,4.037,3.3214,5.7879,3.8095,5.6562,0.85,unambiguously female,0.5120245,0.4879755
Original300,f42887_e_265,2.657142857,4.363636364,4.482758621,5.3043,4.5926,4.1786,4.9394,5.7143,4.5,0.05,unambiguously male,0.64434147,0.3556586
Original300,f42887_e_266,3.914285714,5.159090909,5.344827586,5.913,5,4.1429,5.3939,4.8095,5.6875,0,unambiguously male,0.7020473,0.2979527
Original300,f42887_e_267,3.885714286,4.795454545,5.137931034,4.087,4.1481,4,4.9091,4.381,5.3438,0.8,unambiguously female,0.67148066,0.32851934
Original300,f42887_e_268,4.4,5.590909091,5.724137931,5.913,4.7407,3.5,5.4848,4.2381,5.6562,0.25,unambiguously male,0.6774843,0.32251573
Original300,f42887_e_269,4.914285714,5.545454545,5.482758621,6.2174,5.3704,4.4643,5.2121,5.0952,5.5938,0.15,unambiguously male,0.5798029,0.42019716
Original300,f42887_e_270,4.942857143,5.386363636,4.482758621,5.3043,5.4815,4.1429,4.4848,5.4286,5.6875,0,unambiguously male,0.537238,0.46276197
Original300,f42887_e_271,2.371428571,4.090909091,3.310344828,4.6957,6.037,5.8214,4.8182,6.0952,3.7188,0.15,unambiguously male,0.7681809,0.23181906
Original300,f42887_e_272,4,4.681818182,4.551724138,4.8696,5.4815,4.4286,4.6061,5,4.8438,0.25,unambiguously male,0.69060814,0.30939183
Original300,f42887_e_273,4.142857143,5.522727273,5.344827586,4.4348,4.5926,4.4643,5.9394,4.9048,5.4375,0.85,unambiguously female,0.7101415,0.28985855
Original300,f42887_e_274,4,5.409090909,4.551724138,6.2609,4.8889,4.3571,5.5758,4.7143,5.7812,0,unambiguously male,0.5121237,0.48787627
Original300,f42887_e_275,4.085714286,4.295454545,5.103448276,6.3913,5.0741,4.25,4.697,4.6667,5.1875,0,unambiguously male,0.52716035,0.47283968
Original300,f42887_e_276,5.085714286,5.159090909,5.413793103,3.8696,5.4074,4.0714,4.7273,4,5.7188,0.95,unambiguously female,0.9045641,0.09543587
Original300,f42887_e_277,4.114285714,5.272727273,4.931034483,4.7391,4.6296,3.9286,4.5758,4.3333,5.5938,0.8,unambiguously female,0.5568822,0.44311777
Original300,f42887_e_278,5.6,5.340909091,5.620689655,4.2174,4.1852,2.9286,5.7576,2.8095,6.1875,0.85,unambiguously female,0.791661,0.20833904
Original300,f42887_e_279,3.457142857,4.863636364,5.103448276,4.1739,4.6296,4.8571,5.8182,4.0952,4.9688,0.9,unambiguously female,0.6144892,0.38551077
Original300,f42887_e_280,4.742857143,6.159090909,6,4.913,4.5185,3.4643,5.7576,4,5.9062,0.6,ambiguous,0.8775417,0.122458294
Original300,f42887_e_281,3.914285714,5.477272727,4.896551724,5.5217,4.7407,4.1786,6.2727,4.9048,5.625,0.35,ambiguous,0.64135003,0.35864997
Original300,f42887_e_282,4.457142857,5.431818182,5.551724138,6.7391,5.2593,4.1786,5.7879,5.0952,5.9062,0,unambiguously male,0.5441534,0.45584658
Original300,f42887_e_283,3.485714286,5.181818182,4.586206897,5.6087,4.5556,4.3571,5.2727,5.1905,5.3125,0.6,ambiguous,0.7996101,0.20038988
Original300,f42887_e_284,4.828571429,5.25,5.24137931,6.087,4.2593,3.6429,5,4.8571,5.5938,0,unambiguously male,0.57419974,0.4258003
Original300,f42887_e_285,3.685714286,4.568181818,4.793103448,4.6522,4.8519,4.6071,4.6667,4.8571,4.7188,0.15,unambiguously male,0.58866304,0.41133693
Original300,f42887_e_286,4.771428571,5.613636364,5.965517241,5.0435,4.1852,3.6071,6.0909,3.619,6.2812,0.55,ambiguous,0.8418582,0.15814178
Original300,f42887_e_287,3.657142857,5.340909091,3.448275862,8.4348,7.5556,6.75,4.3333,7,4.5938,0,unambiguously male,0.6705232,0.3294767
Original300,f42887_e_288,3.171428571,4.568181818,3.965517241,4.8696,5.8889,5.6786,5.0606,5.5714,4.9062,0.35,ambiguous,0.83106047,0.16893958
Original300,f42887_e_289,3.314285714,5.204545455,4.551724138,5.8261,5.963,4.1071,5.0606,4.9524,4.875,0.1,unambiguously male,0.64982724,0.3501728
Original300,f42887_e_290,4.514285714,5.181818182,5.172413793,4.6087,4.6296,4.0357,5.6061,4.0476,4.75,0.85,unambiguously female,0.76343244,0.2365675
Original300,f42887_e_291,2.342857143,4.318181818,4.068965517,6.1304,5.7037,5.6071,4.8182,6.5714,4.0312,0,unambiguously male,0.7235461,0.27645397
Original300,f42887_e_292,3.742857143,5.454545455,5.931034483,5.3913,4.1111,4.2857,5.303,4,4.875,0.45,ambiguous,0.62665564,0.37334436
Original300,f42887_e_293,4.057142857,4.545454545,5.103448276,3.6957,4.6667,3.3571,4.3636,3.9524,4.9688,0.8,unambiguously female,0.73799044,0.2620096
Original300,f42887_e_294,3.171428571,4.909090909,4.206896552,6.6087,5.5185,5.25,5.1212,6.0476,4.5,0,unambiguously male,0.53146464,0.46853536
Original300,f42887_e_295,3.8,5.454545455,6.379310345,5.087,3.3704,3.0357,5.8788,3.7143,6.0312,0,unambiguously male,0.68940324,0.31059676
Original300,f42887_e_296,2.514285714,3.909090909,5.137931034,3.6957,4.4815,4.9286,5.9091,3.381,4.6875,1,unambiguously female,0.8240288,0.1759712
Original300,f42887_e_297,3.2,4.909090909,5.034482759,5.6087,4.7037,3.8929,5.303,4.6667,5.4688,0.05,unambiguously male,0.5911693,0.4088307
Original300,f42887_e_298,4.228571429,5.159090909,4.482758621,6,5.7407,4.2143,4.9091,5.619,5.1875,0,unambiguously male,0.78115237,0.21884759
Original300,f42887_e_299,3.114285714,3.840909091,4,3.4348,4.963,5.7857,5.0909,5.0476,4.7812,0.9,unambiguously female,0.8692864,0.13071352
